366, uog, "If you put two breadboards together, is it a bread-sandwhich?"
366, uog, "If you put two breadboards together, is it a bread-sandwhich?"
372, uog, We apologize for that bread-related pun. 
372, uog, We apologize for that bread-related pun. 
375, uog, The quick brown fox jumped over the lazy dog
375, uog, The quick brown fox jumped over the lazy dog
969, uogsocis, SOCIS is a student organization on campus: join us and have your say on what happens in SoCS!
969, uogsocis, SOCIS is a student organization on campus: join us and have your say on what happens in SoCS!
1223, cepsTwitter, @uog needs better twitter content… #bad
1223, cepsTwitter, @uog needs better twitter content… #bad
